concept_id,vi,en,old query,failed rule
008752ec9ded,đất,soil,Ôi ___ Việt yêu dấu ngàn năm!,C1
02f9279d6e35,miếng,crumb,vàng ___,C4
03912027f074,đuổi,chase,___ học,C1
03fbf58b1039,khoảng cách xã hội,social distance,giữ ___,C4
064aee24ecad,đông bắc,northeast,phía ___,C4
065302e863a1,chiến dịch,campaign,___ Điện Biên Phủ,C4
0847d2080221,trì hoãn,procrastination,chuyến bay bị ___,C4
08be386c087b,phân biệt đối xử,discrimination,___ đối với người đồng tính / người nhiễm HIV/AIDS,C5
09398e86c8ad,ví,wallet,Tôi bị mất cái ___.,C4
0a798ebc728b,đá quý,gemstone,vàng bạc ___,C4
0b866d748d90,nón,cone,Chiếc ___ kì diệu,C1
0c3ea906a7d3,nhiệm vụ,mission,___ bất khả thi,C4
0d28ddd88928,thảm,carpet,___ cỏ,C4
0df206c33ab3,mượt,smooth,xanh ___,C4
0e569db76e4c,lặn,recessive,gen ___,C4
102ead4388e3,kho bạc,treasury,___ Nhà nước Việt Nam,C4
1191dd4414ef,xã hội đen,mafia,Cái thằng đến là hỏng. Bố mẹ nó bị bọn ___ hỏi thăm mấy lần.,C7
1199443e48cd,tai,ear,___ áo,C1
11b250cded13,triển lãm,exhibition,___ thương mại,C4
12de8829e505,giáo hoàng,pope,đức ___,C4
13114023c2c2,vé,ticket,___ một lượt,C4
140ba87cc06b,thưởng,reward,___ hoa,C4
149aee160ba8,giúp,help,Anh pha cà phê ___ em nha.,C1
15f6b06a08c9,chính trị,politics,nhà ___,C4
16327779bf05,bán cầu,hemisphere,___ não phải,C4
17781bd98b3c,rưỡi,half past,một trăm ___,C7
184259f1b521,kinh nghiệm,experience,___ tối thiểu: 1 năm,C4
197cabf561be,thời tiết,weather,dự báo ___,C4
1aacda77a54a,đào,peach,"Mỗi năm hoa ___ nở
Lại thấy ông đồ già
Bày mực Tàu, giấy đỏ
Bên phố đông người qua",C7
1b857aa5c7a3,chậm,slow,___ mà chắc,C4
1b8d2dad9bb8,văn minh,civilization,___ nhân loại,C4
1d1a168283ef,cột,pillar,___ điện,C4
1d39661cd2cf,pha,mix,___ cà phê,C1
1e0be9929fa1,chữ viết,writing,Hệ ___,C4
1e57eb82abd8,gấp,fold,___ mười,C1
1e7d2213ca90,sủa,bark,Hắn ___ cái gì thế?,C1
1ea9fde32201,lụt,flood,nạn ___,C4
1ef141a8757c,bí mật,secret,lộ ___,C4
20cb90b7ca3c,thông tin,information,công nghệ ___,C4
22abc821165f,sỏi,gravel,___ thận,C4
245bc9b3ad8e,đặt,put,___ tên,C4
2504f838bba6,điều răn,commandment,Mười ___,C7
262041477dda,bức xạ,radiation,___ mặt trời,C4
294f4800f945,trí thức,intellectual,lưu manh giả danh ___,C4
2a70f1a63118,dứa,pineapple,xôi lá ___,C1
2aa4512d9097,thám hiểm,explore,nhà ___,C4
2d228740bfca,phó tế,deacon,thầy ___,C4
2d6060707a51,huân chương,order,___ Sao vàng,C4
2e34eb3462bc,xinh,pretty,___ như con tinh tinh,C4
308767982b8b,dặm,mile,Hai vạn ___ dưới đáy biển,C1
30aacac0c8a2,vô gia cư,homeless,người ___,C4
30b565729474,hoàng gia,royal family,___ Anh/Nhật,C4
30e7a004188c,thuốc,medicine,uống ___,C4
3106cf186c88,công dân,citizen,___ Trung Quốc,C4
314fb8e8a63d,vợ,wife,bố/mẹ ___,C4
31831c814fb8,tiêu chuẩn,standard,nhiệt độ ___,C4
31994adc4904,tư duy,thought,___ kinh tế đang làm hại giáo dục.,C7
32894f55fc3b,mời,invite,khách ___,C4
32e3d545b6ab,chất lượng,quality,___ cao,C4
34bab4cb0530,bảo hiểm,insurance,___ y tế,C4
354633194cd3,hướng,direction,___ đông,C4
36018ff6ce2f,cựu,former,___ cầu thủ bóng đá,C4
36b498152d6f,thương tích,injury,___ đầy mình,C4
37917a75dc8c,bú,suckle,___ hết cốc nước đi còn đi!,C1
3821d43564ad,xăm,tattoo,xin ___,C4
3a6703363d71,tạo,create,___ ra,C4
3aa97a6e5aa3,hiện đại,modern,Lịch sử ___,C4
3ab3917cc8e0,thiết bị,equipment,Tên ___,C4
3b58c1e95a04,xe đạp,bicycle,___ đôi,C4
3b8edd097f21,lượt,turn,vé một ___,C4
3ee650ccc44c,diễn viên,actor,nam/nữ ___,C7
3f42cf2315a1,tỉnh,province,___ lẻ,C7
4107ec369055,gậy,stick,chống ___,C4
4136852f859e,lo lắng,worried,___ về sức khỏe,C4
41648894c7f9,ngai vàng,throne,ngự trên ___,C4
41f5c911f27f,dậy,rise,___ sóng,C4
41f6def03503,dinh dưỡng,nutrition,chất ___,C4
45639ae97ae7,hố,pit,___ bom,C4
47910b5e03f3,nộp,submit,___ đơn,C4
4a6af7c8daa1,thủ tướng,prime minister,___ Việt Nam,C7
4c26f9c13e7c,dải,strip,___ đất,C4
4d862d45ddc8,giai đoạn,stage,trải qua những ___ đau khổ,C7
4dec5b3cc2bb,tai nạn,accident,___ giao thông/lao động,C4
4e39685edaa9,thịnh vượng chung,commonwealth,Tổng thư ký ___ Virginia,C4
4fb5f13429f6,nhật thực,solar eclipse,___ toàn phần,C4
4fdcca93d45f,kẹo,candy,bánh ___,C4
4ff79d677878,lao động,labour,sức ___,C4
50a841d3bb78,khách hàng,customer,dịch vụ chăm sóc ___,C4
526bf1cc4a4b,khuyên tai,earring,Tổng hợp những mẫu ___ đẹp.,C7
53b1d424cedb,độc ác,cruel,Chúng nó thật ___.,C4
551b3a8ded15,máy khoan,drill,"Ông Dursley là giám đốc một công ty gọi là Grunnings, chuyên sản suất ___.",C7
557e5825b474,khỉ,monkey,trò ___,C4
56485ebf2145,thú y,veterinary medicine,bác sĩ ___,C4
5692a563bd6c,nhiệt tình,enthusiastic,___ cộng với dốt nát bằng đại phá hoại.,C7
57c66adfc61e,tầng,storey,___ 1,C1
5812048c0088,quan hệ,relationship,___ sản xuất,C4
5989f244c30a,đông nam,southeast,phía ___,C4
59c1d9a7cae4,tuyến,gland,___ Hà Nội - Huế,C1
59ef843f991f,nhớ,remember,___ nhà,C4
5ab1b7f48fc3,tây bắc,northwest,phía ___,C4
5b8fbdbf3eef,tây nam,southwest,phía ___,C4
5c5a7ea3a5bd,bếp,kitchen,___ lò,C1
5c61ba4f0a73,khủng hoảng,crisis,___ kinh tế/tài chính/tiền tệ,C4
5e75d44c1eb9,đèn lồng,lantern,___ đỏ treo cao cao,C4
5efce1fc70d9,lạ,strange,___ thật.,C4
5f5285a948f9,trứng,ovum,___ gà,C4
60288cb89b47,sắc,sharp,___ sảo,C4
606e6de42e65,bác sĩ,physician,chữ ___,C4
60db65d1c65f,dã ngoại,picnic,đi ___,C4
61878cb3b1aa,kinh tế học,economics,nhà ___,C4
61d5309a151e,gối,pillow,___ ôm,C4
61ee9ffdb899,sứ,porcelain,đi ___ nước...,C1
64d03e32f3e8,chặt đầu,behead,___ nó cho ta! Nó đáng chết lắm!,C7
65a4e47e224e,núm vú,nipple,___ giả,C4
684d465d1fb9,goá,widow,___ vợ,C4
696c564693b4,đầu tư,invest,nhà ___,C4
6b9a2060d61c,nhóc,kid,"Sau bữa ăn sáng, lũ ___ chăm chỉ làm việc ở những vị trí công việc mà chúng đã chọn.",C7
6bdfdf5869cb,mụn,pimple,___ nước,C4
6de0b3d74eff,sân,court,___ trường,C4
6fcf22267ec1,trang web,website,tạo ___,C4
7127ef49ccd4,bán phần,partial,học bổng ___,C4
73dd5c2cebbd,bám,cling,rêu ___ vào con tàu,C4
765d90756936,quần,pants,___ đùi,C4
7a2cf0f695c0,phải,must,giẫm ___ gai,C7
7ad49f3e7b53,mẹ,mum,Đức ___,C5
7b8d5c400ed4,cổ đại,ancient,thời ___,C4
7bdf91c56c31,mái,roof,___ ngố,C1
7be23ff3c9cb,vớ,stocking,đi ___,C1
7d62efb774af,gián,cockroach,phản ___,C7
7e3f461b449d,tắm,bathe,___ bùn,C4
7eeaa0f1049e,gặp,meet,___ lại bạn sau!,C4
7eecd066b75a,luận văn,thesis,bảo vệ ___,C4
7fe98a00e39b,ngực,chest,bầu ___,C1
8014eb31be12,học,study,"___, học nữa, học mãi",C3
809ff42e101d,giả,fake,tóc ___,C1
833930a92fa0,gia tốc,acceleration,___ trọng trường,C4
85448204056e,vải,fabric,làm vảy/đánh ___,C1
8639da1a7645,y tế,health care,phòng ___,C4
865f8271b970,đói,hungry,nhịn ___,C4
883cf62afc34,sở hữu trí tuệ,intellectual property,Luật ___,C4
8aed1e73d8d9,nghề,profession,Một ___ cho chín còn hơn chín nghề.,C3
8b26cbaa264e,lặp,repeat,___ lại,C4
8bd5999c823e,khổ,dukkha,___ A4,C1
8c2dbba0e9bf,lãi suất,interest rate,cho vay ___ cao,C4
8c3c792b840b,leo,climb,___ cây,C4
8cb32fd1a116,triết học,philosophy,nhà ___,C5
8cc0a997db93,dậy thì,puberty,tuổi ___,C7
8d84f3377b96,phù thuỷ,witch,mụ ___,C4
8ddcece699c1,tiêu chảy,diarrhea,bị ___,C4
8e4f68887347,làng,village,___ giải trí,C1
8e777072eaff,hành vi,act,xử phạt ___ vi phạm giao thông,C7
90051bfe612e,cổ phần,share,công ti ___,C4
9033d8390f3f,nửa,half,___ thời gian,C4
907223f402d9,quá trình,process,___ đọc cũng là quá trình suy ngẫm và sách chỉ là cái cớ để chúng ta bắt đầu quá trình ấy.,C3
91706b50a425,muỗi,mosquito,(Chuyện con) ___!,C4
935b992d6111,tháng,month,tới ___,C4
9376cf18f66f,không xương sống,invertebrate,động vật ___,C4
945fd800b871,dài,long,mùa hè ___,C4
952edac7dc30,tuyên ngôn,manifesto,___ Độc lập,C4
953825f309e3,đích,destination,về ___,C1
956149ea871c,thức,awake,Tối qua ___ khuya.,C4
95cd05b59d6e,thiên đường,paradise,lên ___,C7
965652a3bbff,tín dụng,credit,dòng ___ chảy vào startup,C4
96f8d1dc40ed,dùng,employ,Xin mời ông ___ trà.,C1
97bbdfc9eb2a,lõi,core,giấy (vệ sinh) không ___,C4
98c224c99d8a,gõ,type,___ cửa,C4
9a456e3f9bf5,kho báu,treasure,bản đồ ___,C4
9a656e77c5fd,thuỷ thủ,sailor,___ Mặt trăng,C4
9a7b61b5103a,phiếu bầu,ballot,bỏ ___,C4
9bfd5dd95a07,pháo hoa,fireworks,bắn ___,C4
9caac4110154,mùa mưa,rainy season,Mùa này ___.,C4
9d3cf5cc848b,chiến thuật,tactic,___ bán hàng,C4
9e7b8e1c1b3c,đại sứ,ambassador,___ thiện chí,C4
a25deed19a5e,ma túy,narcotic,Cấm sử dụng ___ dưới mọi hình thức.,C7
a33955934d13,rác,trash,sọt ___,C4
a5fcf428ddad,xã hội chủ nghĩa,socialist,nhà nước ___,C8
a734dc647ae3,tịch thu,confiscate,"Hồi anh còn đi học, mang điện thoại lên lớp mà để thầy cô thấy là bị ___ liền.",C7
a827c2704470,đường mòn,path,___ Hồ Chí Minh,C4
a83f37584b2e,gửi,send,___ lại,C4
a89a4cada411,khúc côn cầu,hockey,___ trên băng,C4
a8b457467178,mang,bring,___ đi,C1
aa11425b13b5,thuế,tax,trốn ___,C4
aa57ffa7fd17,thân thiện,friendly,___ với môi trường,C4
aaadea4c026c,giáo dục,education,sự ___,C4
ab3b790a8a31,chủng tộc,race,phân biệt ___,C5
ab4907814dea,ghen,jealous,Nó không cho con Thấm đi chắc tại ___ chớ gì. Thằng Thọ chết ngắc rồi mà còn ghen.,C3
ab4f56f44e60,thơm,fragrant,hiđrôcacbon ___,C1
ad57a3be3566,bộ luật hình sự,criminal code,___ năm 2015 có hiệu lực từ ngày 01/01/2018.,C5
ae574cc1285c,nước mắt,tear,rơi ___,C4
ae8424450e72,tập hợp,set,___ con,C4
aee4a39c4d76,trạm,station,___ phát điện,C4
b00c66027f24,sương,dew,ăn ___ nằm tuyết,C4
b23ed1380388,bay hơi,evaporate,dễ ___,C7
b30d60b4f9a8,bơi lội,swimming,___ vui phết nhỉ?,C4
b3acd2c4f104,dũng cảm,brave,lòng ___,C4
b43f89349051,tự do,free,phần mềm ___,C5
b4f7d73764c7,neo,anchor,thả ___,C4
b52f5853244e,áp lực,pressure,___ nước,C4
b59982e96865,đặc biệt,special,___ là,C4
b653f31c5750,từ vựng,vocabulary,đơn vị ___,C4
b673d74cd9af,viêm,inflammation,___ họng,C4
b9393acdc4be,hướng dẫn,instruction,làm theo ___,C4
bb0a2d263acd,xóm,hamlet,Lên ___ trên chơi đi!,C4
bb401a32dec1,hướng nội,introversion,người ___,C4
bb9bc35495ee,phẳng,flat,núi ngầm chóp ___,C4
bbf1981267ac,xưởng,workshop,___ đẻ Từ Dũ,C4
bc8a6375771b,vua,king,đức ___,C1
bcab262e64d9,nguồn,source,___ sáng,C4
be1a5c2ab726,đúng,correct,___ rồi.,C7
bfa81542f88e,kính hiển vi,microscope,___ điện tử,C4
bfcb9b4a08e2,đại biểu,representative,bầu cử ___ Quốc hội,C7
bfeb633e3d56,so sánh,compare,ngôn ngữ học ___,C4
c0ecfaf593a9,khóc,weep,"Sao đi học
Cứ ___ hoài?
Thôi đừng khóc!
Có kẹo đây.",C3
c2bb3678cb2c,sét,lightning,___ hòn,C4
c2cbc1cb66bc,cao,tall,núi ___,C4
c329f114cffa,điều tra,investigate,cuộc ___,C4
c337884e6fbc,chợ,market,___ Bến Thành,C4
c3dbbf6da593,trả lời,reply,câu ___,C4
c3f006c6c021,một,only,giường ___,C1
c4e4541ab4b6,tham nhũng,corruption,chống ___,C7
c51231be71cb,chấn thương,trauma,___ tâm lí,C4
c5f7e1005c36,đắng,bitter,"___ quá, không nuốt được.",C4
c6b3f6ffccae,biểu đồ,graph,___ cột,C4
c706dd47810c,dân tộc,ethnic,người ___,C4
c7a542d30a7f,khủng bố,terrorism,kẻ ___,C5
c8cd8d98fe9b,thu nhập,income,___ bình quân đầu người,C4
c9264c4b983a,siêu,super,Cậu ___ quá đi!,C4
ca3bc7f4177c,hậu vệ,defender,___ cánh,C4
cb034547aa73,vỏ,shell,trượt ___ chuối,C4
ce3976713d90,nàng tiên cá,mermaid,"30/12/2012, Huyền Thanh, Theo dấu ___ - đại sứ du lịch của Đan Mạch, Dân Việt",C5
d11ba3591206,người đi bộ,pedestrian,phố dành riêng cho ___,C4
d1d527310fa7,vương quốc,kingdom,___ Liên hiệp/hợp Anh và Bắc Ai-len,C5
d232240c2ab2,vịnh,gulf,___ Hạ Long,C4
d2a9ee6cf735,bắt đầu,begin,___ từ nay,C4
d39069f8fa80,tín hiệu,signal,___ (đã) đến hồi chuông báo động,C5
d4255e3984a9,lò,oven,bếp ___,C4
d494a7633db4,trái phiếu,bond,___ chuyển đổi,C4
d55a651ca775,vận mệnh,fate,___ dân tộc,C4
d9dbb919e094,thành công,success,gặt hái nhiều ___,C4
dab1e4d90030,ôm,hug,___ hận,C1
db64455e6d8a,hẻm,alley,___ núi,C1
db8dd35bcfc4,lưỡi,blade,con dao hai ___,C4
dd686c8bcdc6,hẹp,narrow,nghĩa ___,C4
de3abe2cf93e,tư lệnh,commander,Cờ ___,C4
df1d375c50c0,tin,believe,niềm ___,C4
e097998d932d,lính,soldier,___ đánh thuê,C1
e11fc85b1a5e,lều,tent,Túp ___ bác Tôm,C1
e14da777188b,nghị viện,parliament,___ California,C4
e167978e5460,tổng giám mục,archbishop,đức ___,C4
e290406d6cd5,hộp,box,cá ___,C4
e2a6e7cb1f3e,giấy phép,license,___ tái nhập,C4
e2f8f20d106a,đùi,thigh,___ gà,C4
e3d54aa9e9a1,bình thường,normal,"Ông bà Dursley, nhà số 4 đường Privet Drive, tự hào mà nói họ hoàn toàn ___, cám ơn bà con quan tâm.",C7
e447fcc66b8c,sồi,oak,áo ___,C4
e45d0709348d,đèn,lamp,___ dầu,C4
e54ce489f3ef,núi,mountain,một ___ đồ,C4
e5ddbf88571b,phục hồi,recover,___ danh dự cho ai,C4
e5fc71a26db3,chết,die,sự ___,C7
e61fc20ba6c2,chính sách,policy,___ công,C7
e6ebffb52b86,nữ hoàng,empress,___ Anh,C4
e815f5e4937d,đơn giản,simple,đầu óc ___,C4
e8c15554723d,chân đất,barefoot,đi ___,C4
e962f8b67faa,rửa tiền,money laundering,tội ___,C4
ead3ae38059e,thật,true,chuyện ___,C4
ed16690b428c,ngôn ngữ học,linguistics,___ là một ngành khoa học.,C7
ef2236e468e7,quý,precious,của ___,C4
f00c68af4f7b,bờ,shore,___ biển,C4
f1321a4895f7,trở về,come back,đã ___,C4
f22472e471f9,chủ nghĩa xã hội,socialism,Kinh tế thị trường định hướng ___,C8
f50dd6b6f427,chuyến,trip,___ xe,C4
f5411853b246,đừng,don't,___ hiểu lầm (tôi/ta).,C4
f62ccc3b24c9,thận,kidney,chạy ___ nhân tạo,C4
f6973f46e4dd,phát ngôn viên,spokesperson,nữ ___,C4
f80195c1b8db,bất tận,infinite,Cánh đồng ___,C7
fa6d2b6c293d,nhu cầu,necessity,đáp ứng ___,C4
faa24dca0ba6,cọ,brush,"Hương rừng thơm đồi vắng,
Nước suối trong thầm thì,
___ xoè ô che nắng,
Râm mát đường em đi.",C1
fd8d07955473,thở,breathe,ngừng ___,C4
ffa08bc8b134,hợp pháp,legal,chủ sở hữu ___,C4
ffebf7b4759a,đường hầm,tunnel,Có ánh sáng cuối ___,C4
